{"train": [8.324432373046875, 7.242749214172363, 6.576777935028076, 6.267558574676514, 6.165012836456299, 6.1368842124938965, 6.1131510734558105, 6.0623273849487305, 6.423791408538818, 6.832355499267578], "val": [7.29667854309082, 6.462904453277588, 6.2787981033325195, 6.068252086639404, 6.0691375732421875, 6.0315046310424805, 6.0490264892578125, 6.2692975997924805, 6.730473041534424, 7.401734828948975]}